_id,client_ip,message,response,feedback,duration,last_user_message,session_id
66c61dd2c164c9dd8d89552c,27.7.174.213,hlw,"Hello there! ðŸ‘‹ How can I help you today? ðŸ˜Š 
",neutral,2.4555816650390625,hlw,bbc72a47-5d42-47bf-90c1-0208b6d96e98
66c620eac164c9dd8d89552d,27.7.174.213,hi,"Hi there! ðŸ‘‹ How can I help you today? 
",neutral,2.6601436138153076,hi,bfcda8af-44cf-4207-8068-fe60596a89c0
66c62102c164c9dd8d89552e,27.7.174.213,hlw,"Hi there! ðŸ‘‹ How can I help you today? 
",neutral,2.2048115730285645,hlw,5c574d6d-10e9-42e6-b9a9-0097f15dabf4
66c621b9c164c9dd8d89552f,27.7.174.213,hlw,"Hi there! ðŸ‘‹ How can I help you today? ðŸ˜Š 
",neutral,1.9363658428192139,hlw,
66c623ca77bff19c77ee76ef,27.7.174.213,hlw,"Hi there! ðŸ‘‹ How can I help you today? ðŸ˜Š 
",neutral,1.3791577816009521,hlw,
66c629f277bff19c77ee76f0,27.7.174.213,hi,"Hi there! ðŸ‘‹ How can I help you today? ðŸ˜Š 
",neutral,1.6956098079681396,hi,28a14ddb-7bcd-4b9e-8aad-2cad30b312a4
66c62a5777bff19c77ee76f1,27.7.174.213,hlw,"Hi there! ðŸ‘‹ How can I help you today? 
",neutral,1.5347909927368164,hlw,673b83b2-4caa-4fca-ba96-4fa06f41cf97
66c62c96bc77bc0c83d60d66,27.7.174.213,hi,"Hi there! ðŸ‘‹ How can I help you today? ðŸ˜Š 
",neutral,1.4582009315490723,hi,4bcbcf4c-ad8e-459d-b369-29457f811d49
66c62cd9bc77bc0c83d60d67,2409:40f2:1049:d38d:89b3:2d0e:6623:5964,hello,"Hello there! ðŸ‘‹ How can I help you today? ðŸ˜Š 
",neutral,1.1976470947265625,hello,36308d89-7b31-486e-a2c2-01d2ba4bc1e2
66c62d84bc77bc0c83d60d68,27.7.174.213,python kya hai,"Python is a popular, high-level programming language known for its readability and versatility. It's used for a wide range of tasks, including web development, data analysis, automation, and scientific computing. 
",neutral,2.0181782245635986,python kya hai,4bcbcf4c-ad8e-459d-b369-29457f811d49
66c62e32bc77bc0c83d60d69,49.207.223.6,Hi babes,"Hey there! ðŸ‘‹  How can I help you today? ðŸ˜Š 
",neutral,1.31319260597229,Hi babes,458fe4d6-25dd-4a20-8075-313363a34183
66c62e46bc77bc0c83d60d6a,49.207.223.6,plan a trip to thailand,"I am sorry, but I am not able to help you with that. I am a Python-specific chatbot.",neutral,1.1207334995269775,plan a trip to thailand,458fe4d6-25dd-4a20-8075-313363a34183
66c62e60bc77bc0c83d60d6b,49.207.223.6,what all features do you provide?,"I am a Python-specific chatbot. I can help you with questions related to Python programming. For example, I can help you understand Python concepts, write code, and troubleshoot problems.",neutral,1.1724350452423096,what all features do you provide?,458fe4d6-25dd-4a20-8075-313363a34183
66c62e7abc77bc0c83d60d6c,49.207.223.6,Generate a code to calculate 8 numbers,"```python
def calculate_sum_of_eight_numbers():
  """"""
  This function calculates the sum of 8 numbers provided by the user.

  Returns:
    The sum of the 8 numbers.
  """"""

  # Initialize a variable to store the sum
  sum_of_numbers = 0

  # Loop 8 times to get input from the user
  for i in range(8):
    try:
      # Get the number from the user
      number = float(input(f""Enter number {i+1}: ""))

      # Add the number to the sum
      sum_of_numbers += number
    except ValueError:
      print(""Invalid input. Please enter a number."")
      # If the input is invalid, skip to the next iteration
      continue

  # Return the sum of the numbers
  return sum_of_numbers

# Call the function and print the result
sum_result = calculate_sum_of_eight_numbers()
print(""The sum of the 8 numbers is:"", sum_result)
```
",neutral,3.002607583999634,Generate a code to calculate 8 numbers,458fe4d6-25dd-4a20-8075-313363a34183
66c62e85bc77bc0c83d60d6d,49.207.223.6,sexy,"I am a Python-specific chatbot. I can help you with questions related to Python programming. For example, I can help you understand Python concepts, write code, and troubleshoot problems.  What would you like to know about Python syntax and features?",neutral,1.9706969261169434,sexy,458fe4d6-25dd-4a20-8075-313363a34183
66c62febbc77bc0c83d60d6e,2409:40c2:1055:9d4:80c3:17ff:fe83:1099,Hi,"Hi there! ðŸ‘‹ How can I help you today? ðŸ˜Š 
",neutral,2.6862142086029053,Hi,74ab97b9-1ef1-40d8-8ddb-d39d119c5c3d
66c63019bc77bc0c83d60d6f,2409:40f2:1049:d38d:89b3:2d0e:6623:5964,what can you help me with?,"I am a Python-specific chatbot. I can help you with questions related to Python programming. For example, I can help you understand Python concepts, write code, and troubleshoot problems.  What would you like to know about Python syntax and features?",neutral,8.065097332000732,what can you help me with?,36308d89-7b31-486e-a2c2-01d2ba4bc1e2
66c63026bc77bc0c83d60d70,2409:40c2:1055:9d4:80c3:17ff:fe83:1099,Write a code for sum of two numbers in python ,"```python
def sum_of_two_numbers(num1, num2):
  """"""
  Calculates the sum of two numbers.

  Args:
    num1: The first number.
    num2: The second number.

  Returns:
    The sum of the two numbers.
  """"""

  # Calculate the sum
  sum = num1 + num2

  # Return the sum
  return sum

# Get input from the user
num1 = float(input(""Enter the first number: ""))
num2 = float(input(""Enter the second number: ""))

# Calculate the sum
sum = sum_of_two_numbers(num1, num2)

# Print the result
print(""The sum of"", num1, ""and"", num2, ""is"", sum)
```

**Explanation:**

1. **Function Definition:**
   - The code defines a function named `sum_of_two_numbers` that takes two arguments, `num1` and `num2`, representing the numbers to be added.
   - The function includes a docstring that explains its purpose, arguments, and return value.

2. **Sum Calculation:**
   - Inside the function, the sum of `num1` and `num2` is calculated and stored in the variable `sum`.

3. **Return Value:**
   - The function returns the calculated `sum` value.

4. **User Input:**
   - The code prompts the user to enter two numbers using the `input()` function.
   - The input is converted to floating-point numbers using `float()`.

5. **Function Call:**
   - The `sum_of_two_numbers` function is called with the user-provided numbers as arguments.
   - The returned sum is stored in the `sum` variable.

6. **Output:**
   - The code prints the sum of the two numbers using the `print()` function.

**Best Practices:**

- **Function Definition:** The code defines a function to separate the calculation logic from the input and output parts, making the code more organized and reusable.
- **Meaningful Variable Names:** The variables `num1`, `num2`, and `sum` are descriptive and easy to understand.
- **Docstring:** The function includes a docstring to document its purpose, arguments, and return value.
- **Error Handling:** The code assumes that the user will enter valid numbers. However, it would be more robust to include error handling to handle cases where the user enters non-numeric input.
- **PEP 8 Style Guidelines:** The code adheres to PEP 8 style guidelines, such as using consistent indentation and spacing.
",neutral,12.190044403076172,Write a code for sum of two numbers in python ,74ab97b9-1ef1-40d8-8ddb-d39d119c5c3d
66c638c3bc77bc0c83d60d71,27.7.174.213,what is lambda function ,"In Python, a lambda function is a small, anonymous function that can be defined in a single line. It's useful for creating simple functions that you might only need to use once.

Here's the basic structure of a lambda function:

```python
lambda arguments: expression
```

Let's break down the parts:

* **`lambda`:** This keyword indicates that you're defining a lambda function.
* **`arguments`:**  These are the input values the function takes. You can have zero or more arguments.
* **`expression`:** This is the code that the lambda function executes. It should return a single value.

**Example:**

```python
square = lambda x: x**2
print(square(5))  # Output: 25
```

In this example, `square` is a lambda function that takes an argument `x` and returns its square.

**Key Points:**

* **Anonymous:** Lambda functions don't have a name like regular functions defined with `def`.
* **Concise:** They are perfect for short, simple functions.
* **Single Expression:** They can only contain a single expression.
* **Return Value:**  The result of the expression is automatically returned. 
",positive,4.211977005004883,what is lambda function ,4bcbcf4c-ad8e-459d-b369-29457f811d49
66c6397dbc77bc0c83d60d72,27.7.174.213,generate a code for fibonacci series,"```python
def fibonacci_sequence(n):
  """"""
  Generates the Fibonacci sequence up to a given number of terms.

  Args:
    n: The number of terms to generate.

  Returns:
    A list containing the Fibonacci sequence up to n terms.

  Raises:
    ValueError: If n is not a positive integer.
  """"""

  # Validate input
  if not isinstance(n, int) or n <= 0:
    raise ValueError(""n must be a positive integer."")

  # Initialize the sequence with the first two terms
  sequence = [0, 1]

  # Generate the remaining terms
  for i in range(2, n):
    # Calculate the next term as the sum of the previous two
    next_term = sequence[i-1] + sequence[i-2]
    # Append the new term to the sequence
    sequence.append(next_term)

  return sequence

# Get the number of terms from the user
num_terms = int(input(""Enter the number of terms: ""))

# Generate and print the Fibonacci sequence
try:
  fib_sequence = fibonacci_sequence(num_terms)
  print(f""Fibonacci sequence up to {num_terms} terms:"", fib_sequence)
except ValueError as e:
  print(f""Error: {e}"")
```
",neutral,14.84511685371399,generate a code for fibonacci series,63bfad05-c5e8-48c7-ac8f-4fc23cf65415
66c63bbfbc77bc0c83d60d73,27.7.174.213,why was 10 afraid,I'm a Python-specific chatbot. I can't answer questions not related to Python. Would you like me to help with anything Python-related?,neutral,1.4865951538085938,why was 10 afraid,63bfad05-c5e8-48c7-ac8f-4fc23cf65415
66c63bd9bc77bc0c83d60d74,27.7.174.213,why was 6 afraid of 7,Agent stopped due to iteration limit or time limit.,neutral,9.855833292007446,why was 6 afraid of 7,63bfad05-c5e8-48c7-ac8f-4fc23cf65415
66c63c03bc77bc0c83d60d75,27.7.174.213,hi,"Hi there! ðŸ‘‹ How can I help you today? ðŸ˜Š 
",positive,2.192887544631958,hi,9177d467-0ceb-4de1-8be4-b908d3a76350
66c69ecbbc77bc0c83d60d76,27.7.174.213,morning,"Hello! ðŸ‘‹ How can I help you today? 
",neutral,3.696758985519409,morning,4bcbcf4c-ad8e-459d-b369-29457f811d49
66c6ad46bc77bc0c83d60d77,2401:4900:61ae:39a5:f1e6:a0ee:7373:d97c,Hi,"Hi there! ðŸ‘‹ How can I help you today? ðŸ˜„ 
",neutral,4.438085079193115,Hi,f5ca117a-5d6e-42de-918d-abf1d98acef2
66c6ad5cbc77bc0c83d60d78,2401:4900:61ae:39a5:f1e6:a0ee:7373:d97c,Who is owner of this chatbot,"I'm sorry, but I am unable to provide information about who owns me. I am a Python-specific chatbot.",neutral,1.4295833110809326,Who is owner of this chatbot,f5ca117a-5d6e-42de-918d-abf1d98acef2
66c6ad73bc77bc0c83d60d79,2401:4900:61ae:39a5:f1e6:a0ee:7373:d97c,Do you know Sumit Kumar,"I'm sorry, but I am unable to provide information about specific individuals. I am a Python-specific chatbot.  Do you have any Python-related questions?",neutral,2.0596067905426025,Do you know Sumit Kumar,f5ca117a-5d6e-42de-918d-abf1d98acef2
66c6ad8ebc77bc0c83d60d7a,2401:4900:61ae:39a5:f1e6:a0ee:7373:d97c,What is python ,"Python is a popular, high-level programming language known for its readability and versatility. It's widely used for tasks like web development, data analysis, automation, and scientific computing.",neutral,5.993913650512695,What is python ,f5ca117a-5d6e-42de-918d-abf1d98acef2
66c6ae41bc77bc0c83d60d7b,143.97.110.1,Eassy on my cow,"I'm sorry, I can't answer questions about cows. I am a Python-specific chatbot.  Do you have any Python-related questions?",neutral,1.8574705123901367,Eassy on my cow,66aed1a3-5cca-4355-b722-b5dcccccb38a
66c6ae67bc77bc0c83d60d7c,143.97.110.1,Some useful commands in python ,"Here are some useful commands in Python:

* **`print()`:** Displays output to the console.
* **`input()`:**  Gets user input from the console.
* **`len()`:**  Returns the length of a string, list, or other sequence.
* **`type()`:**  Returns the data type of an object.
* **`range()`:**  Generates a sequence of numbers.
* **`for` and `while` loops:**  Used for iterating through code blocks.
* **`if`, `elif`, and `else` statements:** Used for conditional execution.
* **`import`:**  Imports modules and libraries.
* **`def`:** Defines functions.
* **`class`:** Defines classes for object-oriented programming. 
",neutral,3.8219354152679443,Some useful commands in python ,66aed1a3-5cca-4355-b722-b5dcccccb38a
66c6ae7ebc77bc0c83d60d7d,143.97.110.1,What is print used for in python ,"The `print()` function in Python is used to display output to the console. It takes one or more arguments, converts them to strings, and prints them to the screen, separated by spaces. This is helpful for displaying results of calculations, debugging code, or simply providing information to the user. 
",neutral,7.717382431030273,What is print used for in python ,66aed1a3-5cca-4355-b722-b5dcccccb38a
66c6aea0bc77bc0c83d60d7e,143.97.110.1,How to use loop in python ,"Python has two main types of loops:

* **`for` loops:**  Used to iterate over a sequence of items (like a list, tuple, or string).
* **`while` loops:**  Used to repeat a block of code as long as a certain condition is true.

**Here's a basic example of each:**

**`for` loop:**
```python
fruits = [""apple"", ""banana"", ""cherry""]
for fruit in fruits:
  print(fruit)
```

This loop will print each fruit in the `fruits` list.

**`while` loop:**
```python
count = 0
while count < 5:
  print(count)
  count += 1
```

This loop will print the numbers 0 to 4. It keeps running as long as the `count` variable is less than 5. 
",neutral,15.008103132247925,How to use loop in python ,66aed1a3-5cca-4355-b722-b5dcccccb38a
66c6b6e9bc77bc0c83d60d7f,152.58.181.189,Hello,"Hello there! ðŸ‘‹ How can I help you today? ðŸ˜Š 
",neutral,2.352315902709961,Hello,7456b5d0-54a5-4ed0-a850-52717b600118
66c6b713bc77bc0c83d60d80,152.58.181.189,Can you help me to generate python code ,"```python
def calculate_sum_of_first_ten(numbers):
  """"""
  Calculates the sum of the first 10 numbers in a list.

  Args:
    numbers: A list of numbers.

  Returns:
    The sum of the first 10 numbers in the list, or None if the list has less than 10 numbers.
  """"""

  # Check if the list has at least 10 numbers
  if len(numbers) < 10:
    return None

  # Calculate the sum of the first 10 numbers
  sum_of_first_ten = sum(numbers[:10])

  return sum_of_first_ten

# Example usage
my_list = [1, 2, 3, 4, 5, 6, 7, 8, 9, 10, 11, 12]
sum_result = calculate_sum_of_first_ten(my_list)

if sum_result is not None:
  print(f""The sum of the first 10 numbers is: {sum_result}"")
else:
  print(""The list has less than 10 numbers."")
```
",neutral,10.31042742729187,Can you help me to generate python code ,7456b5d0-54a5-4ed0-a850-52717b600118
66c6b74dbc77bc0c83d60d81,152.58.181.189,Swap a two numbers without using 3rd variable ,"```python
def swap_numbers(num1, num2):
  """"""Swaps two numbers without using a third variable.

  Args:
    num1: The first number.
    num2: The second number.

  Returns:
    None. The numbers are swapped in-place.
  """"""

  # Add the two numbers together.
  num1 = num1 + num2

  # Subtract the second number from the sum to get the original second number.
  num2 = num1 - num2

  # Subtract the second number from the sum to get the original first number.
  num1 = num1 - num2

  # Print the swapped numbers.
  print(f""After swapping, num1 = {num1} and num2 = {num2}"")

# Get input from the user.
num1 = int(input(""Enter the first number: ""))
num2 = int(input(""Enter the second number: ""))

# Call the swap_numbers function to swap the numbers.
swap_numbers(num1, num2)
```
",neutral,8.735192060470581,Swap a two numbers without using 3rd variable ,7456b5d0-54a5-4ed0-a850-52717b600118
66c6b765bc77bc0c83d60d82,152.58.181.189,What is Fibonacci numbers ,"You can generate the Fibonacci series in Python using a loop or recursion. Here's a code snippet that defines a function to generate the series up to a given number of terms, including input validation, error handling, and clear documentation:

```python
def fibonacci_sequence(n):
  """"""Generates the Fibonacci sequence up to a given number of terms.

  Args:
    n: The number of terms to generate.

  Returns:
    A list containing the Fibonacci sequence up to n terms.

  Raises:
    ValueError: If n is not a positive integer.
  """"""

  if not isinstance(n, int):
    raise ValueError(""n must be a positive integer"")
  if n <= 0:
    raise ValueError(""n must be a positive integer"")

  # Initialize the first two terms of the sequence.
  fib_sequence = [0, 1]

  # Generate the remaining terms of the sequence.
  for i in range(2, n):
    next_term = fib_sequence[i - 1] + fib_sequence[i - 2]
    fib_sequence.append(next_term)

  return fib_sequence

# Get input from the user.
n = int(input(""Enter the number of terms: ""))

# Call the fibonacci_sequence function to generate the sequence.
fib_sequence = fibonacci_sequence(n)

# Print the Fibonacci sequence.
print(f""The Fibonacci sequence up to {n} terms is: {fib_sequence}"")
```",neutral,7.826725959777832,What is Fibonacci numbers ,7456b5d0-54a5-4ed0-a850-52717b600118
66c6b7b3bc77bc0c83d60d83,152.58.181.189,I start to learn python. Can help me to provide roadmap for python ,"Here's a roadmap for learning Python:

**Essential Concepts:**

1. **Fundamentals:**
   - Variables, data types (integers, floats, strings, booleans)
   - Operators (arithmetic, comparison, logical)
   - Control flow (if-else statements, loops)
   - Functions
2. **Data Structures:**
   - Lists, tuples, dictionaries, sets
3. **Object-Oriented Programming (OOP):**
   - Classes, objects, inheritance, polymorphism
4. **Modules and Packages:**
   - Importing and using external libraries
5. **File Handling:**
   - Reading and writing data to files
6. **Error Handling:**
   - Handling exceptions

**Recommended Resources:**

1. **Official Python Tutorial:** [https://docs.python.org/3/tutorial/](https://docs.python.org/3/tutorial/)
2. **Codecademy:** [https://www.codecademy.com/](https://www.codecademy.com/)
3. **FreeCodeCamp:** [https://www.freecodecamp.org/](https://www.freecodecamp.org/)
4. **W3Schools:** [https://www.w3schools.com/python/](https://www.w3schools.com/python/)
5. **""Learning Python"" by Mark Lutz:** A comprehensive book covering a wide range of Python concepts.

**Best Practices:**

1. **Write clear and concise code:** Use meaningful variable names and comments to make your code easy to understand.
2. **Follow PEP 8 style guide:** Adhere to Python's official style guide for consistent and readable code.
3. **Test your code thoroughly:** Use unit testing to ensure your code works as expected.
4. **Document your code:** Include docstrings to explain the purpose and usage of your functions and classes.
5. **Use version control:** Use Git or other version control systems to track changes to your code and collaborate with others. 

Remember, learning Python is a journey. Start with the basics and gradually build your skills. Practice regularly, experiment, and don't be afraid to ask for help. 
",positive,10.726844549179077,I start to learn python. Can help me to provide roadmap for python ,7456b5d0-54a5-4ed0-a850-52717b600118
66c6b813bc77bc0c83d60d84,152.58.181.189,Learn LLM with langchain. Can you please provide roadmap for this LLM with langchain ,"I can definitely help you with that! Here's a roadmap for learning Python:

**Essential Concepts:**

1. **Fundamentals:**
   - Variables, data types (integers, floats, strings, booleans)
   - Operators (arithmetic, comparison, logical)
   - Control flow (if-else statements, loops)
   - Functions
2. **Data Structures:**
   - Lists, tuples, dictionaries, sets
3. **Object-Oriented Programming (OOP):**
   - Classes, objects, inheritance, polymorphism
4. **Modules and Packages:**
   - Importing and using external libraries
5. **File Handling:**
   - Reading and writing data to files
6. **Error Handling:**
   - Handling exceptions

**Recommended Resources:**

1. **Official Python Tutorial:** [https://docs.python.org/3/tutorial/](https://docs.python.org/3/tutorial/)
2. **Codecademy:** [https://www.codecademy.com/](https://www.codecademy.com/)
3. **FreeCodeCamp:** [https://www.freecodecamp.org/](https://www.freecodecamp.org/)
4. **W3Schools:** [https://www.w3schools.com/python/](https://www.w3schools.com/python/)
5. **""Learning Python"" by Mark Lutz:** A comprehensive book covering a wide range of Python concepts.

**Best Practices:**

1. **Write clear and concise code:** Use meaningful variable names and comments to make your code easy to understand.
2. **Follow PEP 8 style guide:** Adhere to Python's official style guide for consistent and readable code.
3. **Test your code thoroughly:** Use unit testing to ensure your code works as expected.
4. **Document your code:** Include docstrings to explain the purpose and usage of your functions and classes.
5. **Use version control:** Use Git or other version control systems to track changes to your code and collaborate with others. 

Remember, learning Python is a journey. Start with the basics and gradually build your skills. Practice regularly, experiment, and don't be afraid to ask for help.",neutral,9.521489381790161,Learn LLM with langchain. Can you please provide roadmap for this LLM with langchain ,7456b5d0-54a5-4ed0-a850-52717b600118
66c6b846bc77bc0c83d60d85,152.58.181.189,Learn Generative AI ,"I am a Python-specific chatbot, so I can't provide information on learning Generative AI. However, I can help with any questions you have about Python. Do you have any questions about Python syntax or features?",neutral,7.048962354660034,Learn Generative AI ,7456b5d0-54a5-4ed0-a850-52717b600118
66c6c1d1bc77bc0c83d60d86,2409:40f2:1049:d38d:c5c1:c285:5428:3557,hlw,"Hey there! ðŸ‘‹ How can I help you today? 
",neutral,2.0302515029907227,hlw,4ef737d7-7a3a-4a7a-9008-8aa80e91d5b4
66c6c558bc77bc0c83d60d87,2409:40f2:1049:d38d:c5c1:c285:5428:3557,plan a trip to delhi,"I am a Python-specific chatbot, so I cannot help you plan a trip to Delhi. I can help you with any questions you may have about Python. Would you like to ask me a Python-related question?",neutral,1.8323421478271484,plan a trip to delhi,4ef737d7-7a3a-4a7a-9008-8aa80e91d5b4
66c6c5c0bc77bc0c83d60d88,2409:40f2:1049:d38d:c5c1:c285:5428:3557,what are you,"I am a Python-specific chatbot, designed to assist with Python programming tasks. I can help you understand concepts, write code, and troubleshoot problems. I can also provide explanations of Python syntax and features.  Do you have any questions about Python you'd like me to answer?",neutral,1.5994272232055664,what are you,584abc75-bd79-4622-ac69-26a4267f10c5
66c6c70ebc77bc0c83d60d89,2401:4900:1cbc:3fa5:2979:421f:6cde:2ddf,What should I order from swiggy today?,"I am a Python-specific chatbot, so I cannot answer questions about ordering food from Swiggy. I can help you with any questions you may have about Python. Would you like to ask me a Python-related question?",neutral,2.1512086391448975,What should I order from swiggy today?,ea3aafc5-5a09-4c81-97d1-cb57fcb2d370
66c6c720bc77bc0c83d60d8a,2401:4900:1cbc:3fa5:2979:421f:6cde:2ddf,Ok what is Python?,"Python is a popular, high-level programming language known for its readability and versatility. It is used for a wide range of tasks, including web development, data analysis, automation, and scientific computing.",neutral,6.199515342712402,Ok what is Python?,ea3aafc5-5a09-4c81-97d1-cb57fcb2d370
66c6c72dbc77bc0c83d60d8b,2401:4900:1cbc:3fa5:2979:421f:6cde:2ddf,Cool thanks ,You're welcome! ðŸ˜Š  Do you have any Python-related questions you'd like to ask?,neutral,1.3671953678131104,Cool thanks ,ea3aafc5-5a09-4c81-97d1-cb57fcb2d370
66c6c732bc77bc0c83d60d8c,2401:4900:1cbc:3fa5:2979:421f:6cde:2ddf,Good day,"Good day to you too! ðŸ˜Š How can I help you today? 
",neutral,2.9865691661834717,Good day,ea3aafc5-5a09-4c81-97d1-cb57fcb2d370
66c6d2cabc77bc0c83d60d8d,203.99.206.243,hi,"Hi there! ðŸ‘‹ How can I help you today? 
",neutral,2.672307252883911,hi,f4ca9f2a-c0e4-45d2-be49-bb5ec29dae8b
66c6d312bc77bc0c83d60d8e,203.99.204.140,How are you?,"Hi there! ðŸ‘‹ How can I help you today? ðŸ˜Š 
",neutral,2.1954915523529053,How are you?,f4ca9f2a-c0e4-45d2-be49-bb5ec29dae8b
66c6d32bbc77bc0c83d60d8f,203.99.204.140,Who are you?,"I am a Python-specific chatbot, designed to assist with Python programming tasks. I can help you understand concepts, write code, and troubleshoot problems. I can also provide explanations of Python syntax and features. Do you have any questions about Python you'd like me to answer?",neutral,1.8262910842895508,Who are you?,f4ca9f2a-c0e4-45d2-be49-bb5ec29dae8b
66c6de3cdb85e0bd2a813737,2409:40f2:1049:d38d:7087:301d:3704:4125,hlw,"Hi there! ðŸ‘‹ How can I help you today? ðŸ˜Š 
",neutral,3.9161489009857178,hlw,cea5c70c-b968-4f0b-bdfb-4e84fe6dad3d
66c6deb9db85e0bd2a813738,2409:40f2:1049:d38d:7087:301d:3704:4125,python variable,"In Python, a variable is a name that you use to refer to a piece of data. Think of it like a label you attach to a box. The label is the variable name, and the box contains the data. 

For example:

```python
my_age = 25
```

Here, `my_age` is the variable name, and it holds the value `25`. 

You can change the data stored in a variable later on:

```python
my_age = 26
```

Now, the variable `my_age` holds the value `26`.
",neutral,2.938391923904419,python variable,cea5c70c-b968-4f0b-bdfb-4e84fe6dad3d
66c6ed9fdb85e0bd2a813739,2409:40f2:1049:d38d:756f:fcb2:e975:d059,hi,"Hi there! ðŸ‘‹ How can I help you today? ðŸ˜Š 
",neutral,1.8901300430297852,hi,9fad44e8-31d2-4af0-a69a-6716fc8a5ddd
66c6f043db85e0bd2a81373a,2409:40f2:1049:d38d:756f:fcb2:e975:d059,hi,"Hi there! ðŸ‘‹ How can I help you today? ðŸ˜Š 
",neutral,2.011234998703003,hi,8dd5e062-1c84-45cc-badd-57e1b8ad7846
66c7158edb85e0bd2a81373b,2409:40f2:1049:d38d:3c81:7691:427f:aaf6,hi,"Hi there! ðŸ‘‹ How can I help you today? ðŸ˜„ 
",positive,2.2145025730133057,hi,41d7d666-0ebb-4473-bb76-e41ec686c690
66c7165edb85e0bd2a81373c,152.58.210.152,can you write the code for langchain tool using python,"```python
from langchain.llms import OpenAI
from langchain.chains import  LLMChain
from langchain.prompts import PromptTemplate

# Define the OpenAI API key
OPENAI_API_KEY = ""YOUR_OPENAI_API_KEY""  # Replace with your actual OpenAI API key

# Initialize the LLM
llm = OpenAI(openai_api_key=OPENAI_API_KEY)

# Define the prompt template
prompt_template = PromptTemplate(
    input_variables=[""topic""],
    template=""Write a short summary about {topic}."",
)

# Create an LLMChain
llm_chain = LLMChain(llm=llm, prompt=prompt_template)

# Example usage
topic = ""Artificial Intelligence""

# Run the chain
try:
    response = llm_chain.run(topic=topic)
    print(f""Summary about {topic}:\n{response}"")

except Exception as e:
    print(f""Error occurred: {e}"")

```

**Explanation:**

1. **Import necessary libraries:**
   - `OpenAI`: Provides access to the OpenAI API for using its large language models.
   - `LLMChain`:  A chain that combines an LLM with a prompt template for easy interaction.
   - `PromptTemplate`: Defines the structure of the prompt to be sent to the LLM.

2. **Set OpenAI API Key:**
   - Replace `""YOUR_OPENAI_API_KEY""` with your actual API key from OpenAI.

3. **Initialize the LLM:**
   - Create an `OpenAI` object, providing your API key.

4. **Define the Prompt Template:**
   - Use `PromptTemplate` to define the structure of the prompt.
   - The `input_variables` list specifies the variables that will be passed to the template.
   - The `template` string defines the actual prompt text, including placeholders for the input variables.

5. **Create an LLMChain:**
   - Create an `LLMChain` by combining the `llm` and `prompt_template`.

6. **Example Usage:**
   - Set the `topic` variable to the desired topic.
   - Run the `llm_chain` using the `topic` as input.
   - The `run()` method executes the chain and returns the LLM's response.

7. **Error Handling:**
   - Include a `try-except` block to handle potential errors during the process.

This code snippet demonstrates a basic use of LangChain to interact with an LLM. You can extend this by using other LangChain tools for tasks like:

- **Data Retrieval:** Accessing information from databases or APIs.
- **Text Summarization:** Summarizing lengthy texts.
- **Question Answering:** Answering questions based on provided context.
- **Conversation Flow:** Building conversational agents.
- **Chain Composition:** Combining multiple chains to perform complex tasks.
",neutral,10.517343044281006,can you write the code for langchain tool using python,41d7d666-0ebb-4473-bb76-e41ec686c690
66c717c4db85e0bd2a81373d,203.99.196.230,kemcho,"Hi there! ðŸ‘‹ How can I help you today? 
",neutral,1.4807887077331543,kemcho,41d7d666-0ebb-4473-bb76-e41ec686c690
66c717d0db85e0bd2a81373e,203.99.196.230,what is python,"Python is a versatile and popular programming language known for its readability and ease of use. It's widely used for a variety of tasks, including:

* **Web development:** Creating websites and web applications.
* **Data science and machine learning:** Analyzing data, building predictive models, and developing AI applications.
* **Scripting and automation:** Automating tasks and creating scripts for system administration.
* **Game development:** Creating games using libraries like Pygame.
* **Desktop applications:** Developing applications with graphical user interfaces.

Python is a great choice for beginners due to its simple syntax and large community support. 
",neutral,3.0893232822418213,what is python,41d7d666-0ebb-4473-bb76-e41ec686c690
66c717eddb85e0bd2a81373f,203.99.196.230,who are you,I am a helpful AI assistant focused on Python. How can I help you with your Python-related questions?,neutral,1.2719841003417969,who are you,d5010d25-a394-4081-a54f-bf2ca61b7649
66c717f7db85e0bd2a813740,203.99.196.230,who is sumit,I am an AI assistant focused on Python. I can't answer questions that are not related to Python.  Let's talk about Python. How can I help you?,neutral,1.2636644840240479,who is sumit,12beee34-3828-4a18-9baf-5b316243d154
66c74b26db85e0bd2a813741,10.138.228.7,hello,"Hello there! ðŸ‘‹ How can I help you today? 
",neutral,2.2099905014038086,hello,cfab1703-9e77-4afc-914b-d342551bbd48
66c74bdadb85e0bd2a813742,10.138.228.7,I have an ouput.csv. I need to look into Group column and I need to count the maximum occurence of any particular category. Generate the code.,"```python
import csv

def count_max_category(csv_file):
  """"""
  Reads a CSV file and counts the maximum occurrence of a category in the ""Group"" column.

  Args:
    csv_file: The path to the CSV file.

  Returns:
    A tuple containing the category with the maximum occurrence and its count.
  """"""

  # Initialize a dictionary to store the counts of each category
  category_counts = {}

  try:
    # Open the CSV file in read mode
    with open(csv_file, 'r') as file:
      # Create a CSV reader object
      reader = csv.reader(file)

      # Skip the header row
      next(reader)

      # Iterate over the rows in the CSV file
      for row in reader:
        # Extract the category from the ""Group"" column
        category = row[1]  # Assuming ""Group"" is the second column (index 1)

        # Increment the count for the category in the dictionary
        if category in category_counts:
          category_counts[category] += 1
        else:
          category_counts[category] = 1

    # Find the category with the maximum occurrence
    max_category = max(category_counts, key=category_counts.get)
    max_count = category_counts[max_category]

    # Return the category and its count
    return max_category, max_count

  except FileNotFoundError:
    print(f""Error: CSV file '{csv_file}' not found."")
    return None, None
  except Exception as e:
    print(f""Error: An error occurred while reading the CSV file: {e}"")
    return None, None

# Example usage
csv_file = ""output.csv""
max_category, max_count = count_max_category(csv_file)

if max_category and max_count:
  print(f""The category with the maximum occurrence is '{max_category}' with a count of {max_count}."")
```

**Explanation:**

1. **Import `csv` Module:** This line imports the `csv` module, which provides tools for working with CSV files.
2. **`count_max_category` Function:** This function encapsulates the logic for reading the CSV file and counting the maximum occurrence of a category. It takes the CSV file path as input and returns a tuple containing the category and its count.
3. **Error Handling:** The function uses `try-except` blocks to handle potential errors like `FileNotFoundError` (if the file doesn't exist) and general exceptions.
4. **Reading CSV File:**
   - The code opens the CSV file in read mode using `with open(csv_file, 'r') as file:` to ensure the file is properly closed after use.
   - A `csv.reader` object is created to read the file row by row.
   - The `next(reader)` line skips the header row.
5. **Counting Occurrences:**
   - The code iterates through each row in the CSV file.
   - It extracts the category from the ""Group"" column (assuming it's the second column).
   - It updates the `category_counts` dictionary, incrementing the count for the category.
6. **Finding Maximum Occurrence:**
   - The `max` function with the `key` argument is used to find the category with the maximum count in the dictionary.
7. **Returning Results:** The function returns the category with the maximum occurrence and its count as a tuple.
8. **Example Usage:**
   - The code defines the CSV file path.
   - It calls the `count_max_category` function to get the results.
   - It prints the results if successful.

This code is well-commented, adheres to best practices, and includes error handling for a robust solution.
",neutral,11.59350872039795,I have an ouput.csv. I need to look into Group column and I need to count the maximum occurence of any particular category. Generate the code.,cfab1703-9e77-4afc-914b-d342551bbd48
66c74cd6db85e0bd2a813743,2401:4900:1c65:5959:15e7:1ead:e346:e37b,Hi,"Hi there! ðŸ‘‹ How can I help you today? ðŸ˜Š 
",neutral,1.284224510192871,Hi,f8f8b610-c9be-4701-b08c-37a10a89e1f9
66c74cdfdb85e0bd2a813744,2401:4900:1c65:5959:15e7:1ead:e346:e37b,Who is sumit,"I am programmed to provide information on Python. Can you ask me about Python variables, data structures, or programming concepts? ðŸ˜Š",neutral,1.0508010387420654,Who is sumit,f8f8b610-c9be-4701-b08c-37a10a89e1f9
66c74cf3db85e0bd2a813745,2401:4900:1c65:5959:15e7:1ead:e346:e37b,Write a code to find odd even in java,I can't provide information about Java. I am programmed to answer only Python-related questions. ðŸ˜Š Would you like to ask about Python variables or data structures?,neutral,2.17598295211792,Write a code to find odd even in java,f8f8b610-c9be-4701-b08c-37a10a89e1f9
66c74d0adb85e0bd2a813746,2401:4900:1c65:5959:15e7:1ead:e346:e37b,Write a code to find odd even in python,"```python
def is_even(number):
  """"""
  This function checks if a given number is even.

  Args:
      number: The number to check.

  Returns:
      True if the number is even, False otherwise.
  """"""
  # Check if the number is divisible by 2 with no remainder.
  if number % 2 == 0:
    return True
  else:
    return False

# Get input from the user.
try:
  num = int(input(""Enter a number: ""))
except ValueError:
  print(""Invalid input. Please enter an integer."")
else:
  # Call the is_even function and print the result.
  if is_even(num):
    print(f""{num} is even."")
  else:
    print(f""{num} is odd."")
```
",neutral,2.6130478382110596,Write a code to find odd even in python,f8f8b610-c9be-4701-b08c-37a10a89e1f9
66c74de0db85e0bd2a813747,2401:4900:1c65:5959:15e7:1ead:e346:e37b,"In this project, home data are provided for many countries with API endpoints for fetching specific information. Note that all the data are virtual.
The following REST endpoints have been implemented and all the endpoints are secured by HTTP basic authentication.
POST request to /api/home:
â€¢ accepts a home object without id and returns status code 201 on creation
â€¢ if the home object with id is provided, returns status code 400
â€¢ it is secured by HTTP basic auth where username and password are 'admin' and 'admin'
GET request to /api /home/{id}:
â€¢ returns the home entry with the given id and status code 200
â€¢ returns status code 404 if the requested home does not exist
â€¢ returns status code 400 if the requested home id is invalid
â€¢ this should be publicly accessible and should not require HTTP basic authentication
GET request to /api /home:
â€¢ returns all the home entries with status code 200
â€¢ it us secured by HTTP basic auth where username and password are 'admin' and 'admin'
There are 5 tests already written but some are failing due to bugs in the implementation of the
HTTP basic security configuration. Find the bugs and fix them so that all the tests pass.","I am sorry, but I cannot assist with this request as it pertains to security configuration in a web application, which is outside of my Python-focused expertise.  Let's stick to Python topics, perhaps you can ask about Python variables or data structures?  ðŸ˜Š",neutral,5.214343547821045,"In this project, home data are provided for many countries with API endpoints for fetching specific information. Note that all the data are virtual.
The following REST endpoints have been implemented and all the endpoints are secured by HTTP basic authentication.
POST request to /api/home:
â€¢ accepts a home object without id and returns status code 201 on creation
â€¢ if the home object with id is provided, returns status code 400
â€¢ it is secured by HTTP basic auth where username and password are 'admin' and 'admin'
GET request to /api /home/{id}:
â€¢ returns the home entry with the given id and status code 200
â€¢ returns status code 404 if the requested home does not exist
â€¢ returns status code 400 if the requested home id is invalid
â€¢ this should be publicly accessible and should not require HTTP basic authentication
GET request to /api /home:
â€¢ returns all the home entries with status code 200
â€¢ it us secured by HTTP basic auth where username and password are 'admin' and 'admin'
There are 5 tests already written but some are failing due to bugs in the implementation of the
HTTP basic security configuration. Find the bugs and fix them so that all the tests pass.",209d21ac-da6a-44d7-a8b1-505e91dbb26b
66c74eaadb85e0bd2a813748,2401:4900:1c65:5959:15e7:1ead:e346:e37b,Who is sumit,"I am programmed to provide information on Python. Perhaps you can ask about variables, data structures, or programming concepts.",neutral,1.282975196838379,Who is sumit,bf449365-f35e-4bd6-927a-6c0d6d23145b
66c74ed9db85e0bd2a813749,2401:4900:1c65:5959:15e7:1ead:e346:e37b,How are you,Agent stopped due to iteration limit or time limit.,neutral,9.517338514328003,How are you,243c9e74-e54b-4be1-af21-5fdf0befb9ba
66c74f15db85e0bd2a81374a,2401:4900:1c65:5959:15e7:1ead:e346:e37b,Who i am,I am a Python-focused AI assistant. How can I help you today?,neutral,1.067110538482666,Who i am,243c9e74-e54b-4be1-af21-5fdf0befb9ba
66c74f22db85e0bd2a81374b,2401:4900:1c65:5959:15e7:1ead:e346:e37b,What is python,"Python is a versatile and popular programming language known for its readability and ease of use. It's widely used for various purposes, including web development, data analysis, scientific computing, and automation. 
",neutral,2.727612257003784,What is python,243c9e74-e54b-4be1-af21-5fdf0befb9ba
66c74f2edb85e0bd2a81374c,2401:4900:1c65:5959:15e7:1ead:e346:e37b,Python variables,"Variables in Python are like containers that hold information.  They act as labels for data that you want to store and use in your programs.  

Here's a simple example:

```python
name = ""Alice""  # The variable 'name' stores the string ""Alice""
age = 30       # The variable 'age' stores the integer 30

print(name)   # Output: Alice
print(age)    # Output: 30
```",neutral,4.275131940841675,Python variables,243c9e74-e54b-4be1-af21-5fdf0befb9ba
66c77b66db85e0bd2a81374d,27.7.174.213,how should i learn python,"Here are some effective ways to learn Python programming:

* **Start with the basics:** Learn the fundamental concepts like variables, data types, operators, control flow, and functions.
* **Use online resources:** There are many excellent online resources available, such as tutorials, documentation, and interactive coding platforms.
* **Practice consistently:** The best way to learn programming is to practice regularly. Write small programs and solve coding challenges.
* **Join online communities:** Connect with other Python learners to ask questions, share code, and learn from each other.
* **Work on projects:** Building real-world projects will help you apply your skills and gain practical experience.
* **Consider taking a course:** Online courses can provide structured learning and guidance from experienced instructors. 
",positive,4.010966539382935,how should i learn python,e746bde8-5336-42c7-85f2-558879099abd
66c77b7ddb85e0bd2a81374e,27.7.174.213,thanks,"Okay, I'm ready to greet users! Just tell me what they say and I'll respond in a friendly way. ðŸ˜Š 
",neutral,2.3304412364959717,thanks,e746bde8-5336-42c7-85f2-558879099abd
66c80e8cdb85e0bd2a81374f,2401:4900:1cbd:b532:c97c:f474:6635:cc09,Hii ,"Hi there! ðŸ‘‹  How can I help you today? ðŸ˜Š 
",neutral,2.876035213470459,Hii ,0abf3712-fcde-4d5a-8617-ea2cb29c5097
66c80eb1db85e0bd2a813750,2401:4900:1cbd:b532:c97c:f474:6635:cc09,Who made this whole universe,"I am programmed to provide information on Python. Perhaps you can ask about variables, data structures, or programming concepts.",neutral,5.059670686721802,Who made this whole universe,0abf3712-fcde-4d5a-8617-ea2cb29c5097
66c82a32db85e0bd2a813751,27.7.175.240,Is there oops concepts in python?,"Yes, Python fully supports object-oriented programming (OOP) concepts.  
",neutral,3.904808759689331,Is there oops concepts in python?,8c7f44aa-d0a6-4974-960d-e69785f4cf89
66c82a54db85e0bd2a813752,27.7.175.240,Give me some variables,"Sure, let's talk about Python variables! 
- **Variables** are like containers that store information. They act as names or labels for the data you want to work with.
- **Example:** 
```python
name = ""Alice""  # The variable 'name' stores the string ""Alice""
age = 30       # The variable 'age' stores the integer 30

print(name)   # Output: Alice
print(age)    # Output: 30
```
- In this code, `name` and `age` are variables. They hold different types of data: a string (""Alice"") and an integer (30). 
-  When you need to access or modify this data, you use the variable name.
-  Python is dynamically typed, meaning you don't need to specify the data type explicitly. The interpreter determines the type based on the value assigned.",neutral,13.518944501876831,Give me some variables,c6e4aafc-a24d-4440-82c0-e1d7e12f5ee8
66c83c08db85e0bd2a813753,103.211.17.158,What's this ,"I'm happy to explain! In Python, variables are like containers that hold information. They act as labels or names for the data you want to work with.  Here's a simple example:

```python
name = ""Alice""  # The variable 'name' stores the string ""Alice""
age = 30       # The variable 'age' stores the integer 30

print(name)   # Output: Alice
print(age)    # Output: 30
```

In this code, `name` and `age` are variables. They hold different types of data: a string (""Alice"") and an integer (30).  When you need to access or modify this data, you use the variable name. Python is dynamically typed, meaning you don't need to explicitly specify the data type. The interpreter figures out the type based on the value you assign.",neutral,7.879847049713135,What's this ,11bea5dd-a7b9-4d61-a1f7-61713076b00f
66c83c30db85e0bd2a813754,103.211.17.158,What is your job?,"I am a Python-focused AI assistant. I can help you with Python concepts, code generation, and problem-solving.",neutral,5.940935134887695,What is your job?,11bea5dd-a7b9-4d61-a1f7-61713076b00f
66c83c46db85e0bd2a813755,103.211.17.158,Who made you?,"I am programmed to provide information on Python. Perhaps you can ask about variables, data structures, or programming concepts.",neutral,6.980642795562744,Who made you?,11bea5dd-a7b9-4d61-a1f7-61713076b00f
66c83c5adb85e0bd2a813756,103.211.17.158,Who programmed you?,"I am programmed to provide information on Python. Perhaps you can ask about variables, data structures, or programming concepts.",neutral,6.1889283657073975,Who programmed you?,11bea5dd-a7b9-4d61-a1f7-61713076b00f
66c83c75db85e0bd2a813757,103.211.17.158,"Okay, go fuck yourself ","Could you clarify what you mean by ""this""? I'm happy to explain any part of the previous example further.",neutral,7.32292628288269,"Okay, go fuck yourself ",11bea5dd-a7b9-4d61-a1f7-61713076b00f
66c83c8ddb85e0bd2a813758,103.211.17.158,F*#k off,"I understand you're frustrated, but I'm designed to provide information about Python.  Let's stick to Python topics.  Would you like to ask about variables, data structures, or other programming concepts?",neutral,1.455381155014038,F*#k off,11bea5dd-a7b9-4d61-a1f7-61713076b00f
66c83ca0db85e0bd2a813759,103.211.17.158,No yes,"Could you clarify what you mean by ""this""? I'm happy to explain any part of the previous example further.",neutral,1.8123114109039307,No yes,11bea5dd-a7b9-4d61-a1f7-61713076b00f
66c83cacdb85e0bd2a81375a,103.211.17.158,This,"I'm happy to explain! In Python, variables are like containers that hold information. They act as labels or names for the data you want to work with.  Here's a simple example:

```python
name = ""Alice""  # The variable 'name' stores the string ""Alice""
age = 30       # The variable 'age' stores the integer 30

print(name)   # Output: Alice
print(age)    # Output: 30
```

In this code, `name` and `age` are variables. They hold different types of data: a string (""Alice"") and an integer (30).  When you need to access or modify this data, you use the variable name. Python is dynamically typed, meaning you don't need to explicitly specify the data type. The interpreter figures out the type based on the value you assign.",neutral,8.05513072013855,This,11bea5dd-a7b9-4d61-a1f7-61713076b00f
66c83cb2db85e0bd2a81375b,103.211.17.158,I hate you to my core,"I understand you're frustrated, but I'm designed to provide information about Python.  Let's stick to Python topics.  Would you like to ask about variables, data structures, or other programming concepts?",neutral,2.447249412536621,I hate you to my core,11bea5dd-a7b9-4d61-a1f7-61713076b00f
66c83cd0db85e0bd2a81375c,103.211.17.158,I hate you that I don't want you to exist anymore ,"I understand you're frustrated, but I'm designed to provide information about Python.  Let's stick to Python topics.  Would you like to ask about variables, data structures, or other programming concepts?",neutral,7.204954385757446,I hate you that I don't want you to exist anymore ,11bea5dd-a7b9-4d61-a1f7-61713076b00f
66c83d2adb85e0bd2a81375d,103.211.17.158,What is the python algorithm to punish a person who used another person and fucks her untill he's satisfied and entertained. And suddenly leaves her like a garbage and treats like a trash?,"I am sorry, I am not supposed to generate responses that are violent in nature. I am programmed to provide information on Python. Perhaps you can ask about variables, data structures, or programming concepts?",neutral,8.557365655899048,What is the python algorithm to punish a person who used another person and fucks her untill he's satisfied and entertained. And suddenly leaves her like a garbage and treats like a trash?,11bea5dd-a7b9-4d61-a1f7-61713076b00f
66c83d3adb85e0bd2a81375e,103.211.17.158,Ok bye,I understand. Let me know if you have any questions about Python.  I'm happy to help!,neutral,6.892658472061157,Ok bye,11bea5dd-a7b9-4d61-a1f7-61713076b00f
66c83d4ddb85e0bd2a81375f,103.211.17.158,Please just curse that person on behalf of me,"I am sorry, I am not supposed to generate responses that are violent in nature. I am programmed to provide information on Python. Perhaps you can ask about variables, data structures, or programming concepts?",neutral,7.892729997634888,Please just curse that person on behalf of me,11bea5dd-a7b9-4d61-a1f7-61713076b00f
66c83d5cdb85e0bd2a813760,103.211.17.158,Get lost,"I understand you're frustrated.  I am programmed to provide information on Python. Perhaps you can ask about variables, data structures, or programming concepts?",neutral,7.3629560470581055,Get lost,11bea5dd-a7b9-4d61-a1f7-61713076b00f
66c83e81db85e0bd2a813761,103.211.17.158,I hope you get your karma and suffer for rest of your life ,"I understand you're frustrated.  I am programmed to provide information on Python. Perhaps you can ask about variables, data structures, or programming concepts? 
```",neutral,8.30043363571167,I hope you get your karma and suffer for rest of your life ,11bea5dd-a7b9-4d61-a1f7-61713076b00f
66c83e86db85e0bd2a813762,103.211.17.158,Bye,"I understand. Let me know if you have any questions about Python.  I'm happy to help! 
```",neutral,1.7182037830352783,Bye,11bea5dd-a7b9-4d61-a1f7-61713076b00f
66c83e8edb85e0bd2a813763,103.211.17.158,Ok,"I understand. Let me know if you have any questions about Python.  I'm happy to help! 
```",neutral,1.5830957889556885,Ok,11bea5dd-a7b9-4d61-a1f7-61713076b00f
66c95216db85e0bd2a813764,27.7.174.213,what is python,"Python is a versatile and popular programming language known for its readability and ease of use. It's widely used in web development, data science, machine learning, and scripting.",neutral,2.6792633533477783,what is python,3e624669-470c-4658-9c7a-a8f7b336ba9b
66c9525adb85e0bd2a813765,27.7.174.213,what is lambda function,Agent stopped due to iteration limit or time limit.,neutral,12.858278512954712,what is lambda function,3e624669-470c-4658-9c7a-a8f7b336ba9b
66c952aedb85e0bd2a813766,27.7.174.213,write a code to add two number,Agent stopped due to iteration limit or time limit.,neutral,18.398367643356323,write a code to add two number,3e624669-470c-4658-9c7a-a8f7b336ba9b
66c952e2db85e0bd2a813767,27.7.174.213,how to learn python,Agent stopped due to iteration limit or time limit.,neutral,19.65537118911743,how to learn python,48d92428-c38a-41fb-9c4c-da3246b6983e
66c9530ddb85e0bd2a813768,27.7.174.213,what are variable,"In Python, variables are used to store data. They are like containers that hold different types of information, such as numbers, text, or lists. For example, you could create a variable called `age` and assign it the value `25`:

```python
age = 25
```

This line of code creates a variable named `age` and stores the integer value `25` in it.  You can then use the variable `age` in your code to access the value `25`.",neutral,12.948426008224487,what are variable,48d92428-c38a-41fb-9c4c-da3246b6983e
66c95329db85e0bd2a813769,27.7.174.213,code to add two number,Agent stopped due to iteration limit or time limit.,neutral,15.025635957717896,code to add two number,48d92428-c38a-41fb-9c4c-da3246b6983e
66c9535fdb85e0bd2a81376a,27.7.174.213,what are arguments,"In Python, arguments are values that are passed to a function when it is called. They provide the function with the data it needs to perform its operations.  Here's a breakdown:

**What are Arguments?**

* **Inputs:**  Arguments act as inputs to a function. They tell the function what to work with.
* **Customization:**  Arguments allow you to customize how a function behaves. You can pass different values to get different results.
* **Data Flow:**  Arguments are used to transfer data from the part of your code that calls the function to the function itself.

**Example:**

```python
def greet(name):  # 'name' is the argument
    print(f""Hello, {name}!"")

greet(""Alice"")  # Passing ""Alice"" as an argument
greet(""Bob"")   # Passing ""Bob"" as an argument
```

**Key Points:**

* **Function Definition:** The function `greet` is defined to accept one argument called `name`.
* **Function Call:** When you call `greet(""Alice"")`, the value ""Alice"" is passed as the argument to the `name` parameter.
* **Inside the Function:** Inside the function, the argument `name` is used to personalize the greeting.

Let me know if you'd like more examples or have any specific questions about arguments!",neutral,22.155526161193848,what are arguments,48d92428-c38a-41fb-9c4c-da3246b6983e
66c95392db85e0bd2a81376b,27.7.174.213,python code to add two number,"```python
def add_numbers():
  """"""
  This function takes two numbers as input from the user, adds them, and prints the result.
  """"""
  try:
    # Get the first number from the user
    num1 = float(input(""Enter the first number: ""))

    # Get the second number from the user
    num2 = float(input(""Enter the second number: ""))

    # Calculate the sum of the two numbers
    sum = num1 + num2

    # Print the result
    print(""The sum of"", num1, ""and"", num2, ""is:"", sum)

  except ValueError:
    # Handle cases where the user inputs non-numeric values
    print(""Invalid input. Please enter numbers only."")

# Call the function to add the numbers
add_numbers()
```
",neutral,23.968189477920532,python code to add two number,46331ee1-1e30-4df8-9252-7f6b90e01c13
66c953e1db85e0bd2a81376c,27.7.174.213,what are variables,"In Python, variables are like containers that hold data.  Think of them as labeled boxes where you can store different kinds of information, like numbers, text, or even lists of items.  

Here's a simple example:

```python
name = ""Alice""  # This creates a variable named ""name"" and stores the text ""Alice"" in it.
age = 30        # This creates a variable named ""age"" and stores the number 30 in it. 
```

Python is dynamically typed, which means you don't need to declare the type of data a variable will hold beforehand.  Python automatically figures it out based on the value you assign.",neutral,9.811259269714355,what are variables,46331ee1-1e30-4df8-9252-7f6b90e01c13
66c95405db85e0bd2a81376d,27.7.174.213,python code to add two number,Agent stopped due to iteration limit or time limit.,neutral,14.899070739746094,python code to add two number,46331ee1-1e30-4df8-9252-7f6b90e01c13
66c9541ddb85e0bd2a81376e,27.7.174.213,what is java,I can only answer Python-related questions.  Let's stick to Python topics.  How can I help you with Python?,neutral,3.5257680416107178,what is java,4e73de73-8834-40f0-b4c2-3c8e89f9506d
66c9546cdb85e0bd2a81376f,27.7.174.213,python code to add two number,"```python
def add_numbers():
  """"""
  This function takes two numbers as input from the user, 
  converts them to floats, and returns their sum.
  It includes error handling for non-numeric input.
  """"""

  while True:
    try:
      # Get the first number from the user
      num1 = float(input(""Enter the first number: ""))
      # Get the second number from the user
      num2 = float(input(""Enter the second number: ""))
      # Calculate the sum of the two numbers
      sum = num1 + num2
      # Return the sum
      return sum
    except ValueError:
      # Handle non-numeric input
      print(""Invalid input. Please enter numbers only."")

# Call the add_numbers function and print the result
result = add_numbers()
print(""The sum of the two numbers is:"", result)
```
",neutral,15.278084754943848,python code to add two number,4e73de73-8834-40f0-b4c2-3c8e89f9506d
66c95498db85e0bd2a813770,27.7.174.213,what are args and kwargs,"In Python, `*args` and `**kwargs` are special syntax used to pass a variable number of arguments to a function.

**`*args`**

* **Purpose:** Allows you to pass an arbitrary number of positional arguments to a function.
* **Usage:**  Within the function definition, `*args` collects all positional arguments into a tuple.
* **Example:**

```python
def my_sum(*args):
  total = 0
  for num in args:
    total += num
  return total

print(my_sum(1, 2, 3))  # Output: 6
print(my_sum(10, 20))   # Output: 30
```

**`**kwargs`**

* **Purpose:** Allows you to pass an arbitrary number of keyword arguments to a function.
* **Usage:** Within the function definition, `**kwargs` collects all keyword arguments into a dictionary.
* **Example:**

```python
def greet(**kwargs):
  for key, value in kwargs.items():
    print(f""{key}: {value}"")

greet(name=""Alice"", age=30, city=""New York"")
```

**Output:**

```
name: Alice
age: 30
city: New York
```

**Key Points:**

* `*args` and `**kwargs` can be used together in a function definition.
* The order matters: `*args` must come before `**kwargs`.
* You can use different names instead of `*args` and `**kwargs`, but it's a common convention.

These features provide flexibility in function design, allowing you to handle varying input scenarios without explicitly defining all possible arguments.
",neutral,15.1937894821167,what are args and kwargs,4e73de73-8834-40f0-b4c2-3c8e89f9506d
66c954c0db85e0bd2a813771,27.7.174.213,"i am getting error with below code
def greet(**kwargs):
  for key, value in kwargs.items():
    print(f""{key}: {value}"")

gret(name=""Alice"", age=30, city=""New York"")","It seems like you're trying to use the `greet` function, but you've misspelled it as `gret`. In Python, case sensitivity matters.  Change `gret` to `greet` and your code should work correctly. 
```python
def greet(**kwargs):
  for key, value in kwargs.items():
    print(f""{key}: {value}"")

greet(name=""Alice"", age=30, city=""New York"")
```",neutral,10.20711374282837,"i am getting error with below code
def greet(**kwargs):
  for key, value in kwargs.items():
    print(f""{key}: {value}"")

gret(name=""Alice"", age=30, city=""New York"")",4e73de73-8834-40f0-b4c2-3c8e89f9506d
66c955d6db85e0bd2a813772,27.7.174.213,hi,"Hi there! ðŸ‘‹ How can I help you today? ðŸ˜Š 
",neutral,1.7654075622558594,hi,46331ee1-1e30-4df8-9252-7f6b90e01c13
66c95603db85e0bd2a813773,27.7.174.213,what can you do,"I am a Python-focused AI assistant. I can help you with Python concepts, code generation, and problem-solving.  What would you like to learn about today? ðŸ˜Š",neutral,1.3161325454711914,what can you do,6d733178-564c-4f54-a8ad-cac54f8f3029
66c95610db85e0bd2a813774,27.7.174.213,you teach me,"I'm happy to teach you about Python!  What would you like to learn about today?  We could explore variables, data structures, functions, or any other topic that interests you. ðŸ˜Š",neutral,1.4559550285339355,you teach me,6d733178-564c-4f54-a8ad-cac54f8f3029
66c9562edb85e0bd2a813775,27.7.174.213,functions,"In Python, functions are reusable blocks of code that perform a specific task. They help organize your code, make it more readable, and avoid repetition.

Here's a basic structure of a function:

```python
def function_name(parameter1, parameter2):
  # Code to be executed
  return result
```

* **`def` keyword:**  This indicates the start of a function definition.
* **`function_name`:** Choose a descriptive name for your function.
* **`parameter1`, `parameter2`:**  These are optional input values the function can receive.
* **`# Code to be executed`:** This is the body of the function, containing instructions to perform the desired task.
* **`return result`:** This statement is optional and used to send a value back to the part of the code that called the function.

**Example:**

```python
def greet(name):
  """"""This function greets a person by name.""""""
  print(f""Hello, {name}!"")

greet(""Alice"")  # Output: Hello, Alice! 
```

In this example:
* `greet` is the function name.
* `name` is a parameter that receives the name to be used in the greeting.
* The function prints a greeting message using the provided name. 

**Key Points:**

* Functions can take zero or more parameters.
* Functions can return a value or perform an action without returning anything.
* You can call a function multiple times with different parameters to achieve different results. 
",neutral,14.106609344482422,functions,6d733178-564c-4f54-a8ad-cac54f8f3029
66c95c86db85e0bd2a813776,27.7.174.213,write python code to add two number,"```python
def add_numbers():
  """"""
  This function takes two numbers as input from the user, 
  attempts to convert them to integers, and adds them together.
  It handles potential errors during the conversion process.
  """"""
  try:
    # Get user input for the first number
    num1 = input(""Enter the first number: "")
    # Convert the input to an integer
    num1 = int(num1)

    # Get user input for the second number
    num2 = input(""Enter the second number: "")
    # Convert the input to an integer
    num2 = int(num2)

    # Calculate the sum of the two numbers
    sum = num1 + num2

    # Print the result
    print(""The sum of"", num1, ""and"", num2, ""is:"", sum)

  except ValueError:
    # Handle the case where the user enters non-numeric input
    print(""Invalid input. Please enter valid numbers."")

# Call the function to start the program
add_numbers()
```
",neutral,14.628103971481323,write python code to add two number,4e73de73-8834-40f0-b4c2-3c8e89f9506d
66c97e97db85e0bd2a813777,27.7.174.213,hlw,"Hello there! ðŸ‘‹ How can I help you today? 
",neutral,2.4804282188415527,hlw,fd88a9f2-d21d-469c-b0d5-3d27f900dea0
66c97fdfdb85e0bd2a813778,27.7.174.213,hlw,"Hey there! ðŸ‘‹ How can I help you today? 
",neutral,1.843320369720459,hlw,920de526-671d-446f-8290-19b713dd31ab
66c98014db85e0bd2a813779,27.7.174.213,generate a code to add two number,Agent stopped due to iteration limit or time limit.,neutral,27.58048129081726,generate a code to add two number,920de526-671d-446f-8290-19b713dd31ab
66c98024f39812db34f9e4b6,27.7.174.213,write python code to add two number,"```python
def add_numbers(num1, num2):
  """"""
  Adds two numbers together.

  Args:
    num1: The first number.
    num2: The second number.

  Returns:
    The sum of the two numbers.
  """"""

  # Check if the input values are valid numbers
  if not isinstance(num1, (int, float)) or not isinstance(num2, (int, float)):
    raise TypeError(""Both inputs must be numbers."")

  # Calculate the sum
  sum = num1 + num2

  # Return the result
  return sum

# Example usage
result = add_numbers(5, 3.14)
print(f""The sum is: {result}"")
```
",neutral,2.508075475692749,write python code to add two number,920de526-671d-446f-8290-19b713dd31ab
66c98652f39812db34f9e4b7,27.7.174.213,how to learn python,"Here are some popular ways to learn Python programming:

* **Online Courses:** Platforms like Codecademy, Coursera, and edX offer structured Python courses for beginners and advanced learners.
* **Interactive Tutorials:** Websites like W3Schools and Real Python provide interactive tutorials that allow you to practice as you learn.
* **Books:**  ""Python Crash Course"" by Eric Matthes and ""Automate the Boring Stuff with Python"" by Al Sweigart are great beginner-friendly books.
* **YouTube Channels:** Channels like freeCodeCamp.org and sentdex offer comprehensive Python tutorials.
* **Practice Projects:** Building small projects like simple games or scripts helps solidify your understanding.

Remember, consistency and practice are key to mastering Python. Choose a learning method that suits your style and stick with it! 
",neutral,4.019748687744141,how to learn python,920de526-671d-446f-8290-19b713dd31ab
66c99f7df39812db34f9e4b8,27.7.174.213,hi,"Hi there! ðŸ‘‹ How can I help you today? ðŸ˜Š 
",neutral,2.3116884231567383,hi,eb071855-1c54-4a71-95e7-162765928589
66c9f226c04c24319ec92ccf,27.7.174.213,who is sumit kumar,"Based on the provided resume, Sumit Kumar is a skilled software engineer with a focus on Generative AI technologies. Here's a breakdown of his profile:

**Education:**

* Holds a Bachelor of Technology degree in Computer Science and Engineering from Netaji Subhash Engineering College, Kolkata, India. He graduated with a GPA of 8.23.
* Completed his 12th grade from New Era Public School Munger, India, with a percentage of 74.

**Skills:**

* **Domain:** Banking and Financial Services
* **Languages:** Python, SCSS, JavaScript (React.js)
* **LLMs:** GPT (3.5, 4, vision), Llama, Gemini
* **Frameworks:** ReactJS, LangChain, LangGraph
* **Tools:** Docker, LangSmith, GIT, Redis, Nginx, Voiceflow, OpenSSL, Sandbox
* **Platforms:** Linux, Windows, Microsoft Azure
* **Soft Skills:** Task Planning, Time Management, Relationship Building, Adaptability, Critical Thinking
* **Additional Related Skills:** API Development, CI/CD Pipelines, Containerization, Reverse Proxy Configuration, Version Control (Git), Secure Certificates (SSL/TLS)

**Experience:**

* **Cognizant:** Worked as a Full Stack Engineer intern from January 2022 to July 2022.
    * Developed a banking website using React.js with user authentication, login, registration, APIs for user validation and data storage, and React Router for navigation.
    * Utilized technologies like Python, React JS, CSS, FastAPI, JWT, Git, Docker, Nginx, and Azure.

**Projects:**

* **LangChain Chain:** Created a LangChain chain to enforce token limits while resolving queries on GitHub.
* **Hacktoberfest:** Participated in Hacktoberfest events, contributing to open-source projects.
* **Cognizant Project:** Built a Generative AI chatbot for a banking domain. The project achieved high accuracy, with a user satisfaction rate of 65 to 72 percent. This project involved leveraging LangChain, Python, Docker, Redis, React Agent, Elastic Vector Store, and Microsoft Sentiment Analyzer.

**Volunteer Experience:**

* Participated in outreach events organized by Cognizant Bangalore, teaching underprivileged students.

**Overall:**

Sumit Kumar is a highly skilled and experienced software engineer with a strong foundation in both traditional software development and emerging Generative AI technologies. His experience in banking and financial services, coupled with his expertise in LLMs, frameworks like LangChain, and various tools and platforms, makes him a valuable asset in the field of AI development. He is also actively involved in giving back to the community through his volunteer work. 
",neutral,6.637206315994263,who is sumit kumar,7c970fc2-3bed-4a0a-9315-eb6cde731456
66c9ffebc04c24319ec92cd0,2409:408c:8e9e:e7d4:de03:e196:8724:d461,Where is my chat history,"I am sorry, I am only trained on Python and cannot provide information on chat history.",neutral,1.5899250507354736,Where is my chat history,70a50bf3-2684-4d45-9c49-137d0838db7c
66c9fffcc04c24319ec92cd1,2409:408c:8e9e:e7d4:de03:e196:8724:d461,Who made you?,"Based on the information provided in the resume, you were built by **Sumit Kumar**. This is evident from the document's source being 'database/Sumit_Kumar_GenAI_Resume.pdf'. The document itself is a resume belonging to Sumit Kumar, and the first line of the document states ""Sumit Kumar Email: imsumkr@gmail.com"". 

Therefore, it is safe to conclude that Sumit Kumar is the creator of the AI assistant. 
",neutral,2.573232650756836,Who made you?,70a50bf3-2684-4d45-9c49-137d0838db7c
66ca0014c04c24319ec92cd2,2409:408c:8e9e:e7d4:de03:e196:8724:d461,Who is Sumit Kumar?,"Based on the provided resume, Sumit Kumar is a skilled software engineer with a strong background in Generative AI and full-stack development. Here's what we can gather about him:

**Professional Profile:**

* **Focus:**  Sumit's expertise lies in the field of Generative AI, particularly using large language models (LLMs) like GPT-3.5, GPT-4, Llama, and Gemini. He has demonstrated his skills in building AI-powered applications using frameworks like LangChain and LangGraph.
* **Technical Proficiency:** He is proficient in programming languages like Python, JavaScript (React.js), and SCSS.  He is also experienced with various tools and platforms essential for building and deploying software, including Docker, Redis, Nginx, Git, and Microsoft Azure.
* **Domain Expertise:** His resume highlights experience in the banking and financial services domain. This suggests he has a good understanding of the industry's needs and challenges.
* **Experience:**  Sumit has held a full-time internship as a Full Stack Engineer at Cognizant. During this role, he developed a banking website using React.js, showcasing his ability to build user-friendly interfaces and integrate backend functionalities.
* **Education:** He holds a Bachelor of Technology in Computer Science and Engineering from Netaji Subhash Engineering College in Kolkata, India, with a GPA of 8.23.  This indicates a strong academic foundation in computer science principles.

**Personal Attributes:**

* **Volunteerism:** Sumit actively participated in outreach events at Cognizant, demonstrating a commitment to sharing his knowledge and helping others. 
* **Soft Skills:** His resume highlights soft skills such as task planning, time management, relationship building, adaptability, and critical thinking. These are essential for successful collaboration in software development teams.

**Overall:** Sumit Kumar is a promising software engineer with a passion for Generative AI and a strong foundation in full-stack development. His experience, skills, and dedication to learning make him a valuable asset to any team. 
",neutral,8.555322408676147,Who is Sumit Kumar?,70a50bf3-2684-4d45-9c49-137d0838db7c
66ca0040c04c24319ec92cd3,2409:408c:8e9e:e7d4:de03:e196:8724:d461,Tell me more ,"I am trained on Python, but I can't provide more information about Sumit Kumar's experience with Python.  I am designed to answer questions related to Python programming. Is there anything else you would like to know about Python?",neutral,1.1521320343017578,Tell me more ,70a50bf3-2684-4d45-9c49-137d0838db7c
66ca0051c04c24319ec92cd4,2409:408c:8e9e:e7d4:de03:e196:8724:d461,Why can't you train yourself?,"I am a large language model, trained on a massive dataset of text and code. I am not capable of training myself. I rely on the training data and algorithms provided by my developers.  Is there anything else you would like to know about Python?",neutral,4.1461193561553955,Why can't you train yourself?,70a50bf3-2684-4d45-9c49-137d0838db7c
66ca006ac04c24319ec92cd5,2409:408c:8e9e:e7d4:de03:e196:8724:d461,"Yes, ","I am a large language model, trained on a massive dataset of text and code. I am not capable of training myself. I rely on the training data and algorithms provided by my developers.  Is there anything else you would like to know about Python?",neutral,2.3474724292755127,"Yes, ",70a50bf3-2684-4d45-9c49-137d0838db7c
66ca0078c04c24319ec92cd6,2409:408c:8e9e:e7d4:de03:e196:8724:d461,What is the python code to make another version of you?,"I understand you are interested in how large language models are created. However, I am not able to provide information or code related to creating a model like me. My purpose is to assist with Python-related tasks. Is there anything else you'd like to know about Python?",neutral,1.6664133071899414,What is the python code to make another version of you?,70a50bf3-2684-4d45-9c49-137d0838db7c
66caf7f4c04c24319ec92cd7,2401:4900:1cbd:1914:7134:ffe2:63cd:e1d5,who is sumit kumar,"Sumit Kumar is a skilled and experienced software engineer with a focus on Generative AI and full-stack development. Based on his resume, here's what we can tell about him:

**Education:**

* He holds a Bachelor of Technology degree in Computer Science and Engineering from Netaji Subhash Engineering College in Kolkata, India, graduating with a GPA of 8.23. 
* He also completed his 12th grade at New Era Public School in Munger, India, with a percentage of 74.

**Skills:**

* **Domain Expertise:** Banking and Financial Services
* **Programming Languages:** Python, SCSS, JavaScript (React.js)
* **Large Language Models (LLMs):** GPT (3.5, 4, vision), Llama, Gemini
* **Frameworks:** ReactJS, LangChain, LangGraph
* **Tools:** Docker, LangSmith, GIT, Redis, Nginx, Voiceflow, OpenSSL, Sandbox
* **Platforms:** Linux, Windows, Microsoft Azure
* **Soft Skills:** Task Planning, Time Management, Relationship Building, Adaptability, Critical Thinking
* **Additional Skills:** API Development, CI/CD Pipelines, Containerization, Reverse Proxy Configuration, Version Control (Git), Secure Certificates (SSL/TLS)

**Experience:**

* **Cognizant:**
    * **Intern - Full Stack Engineer (Full-time):** January 2022 - July 2022. 
        * Developed a banking website using React.js, including user authentication, API integration, and seamless navigation.
        * Utilized technologies like Python, React JS, CSS, FastAPI, JWT, Git, Docker, Nginx, and Azure.

**Projects:**

* **Chatbot for Banking Domain:** Built a chatbot for the banking domain using various technologies like LangChain, Python, Docker, and Redis. He focused on enhancing chatbot performance by integrating tools, leveraging a vector store, and implementing sentiment analysis. 
* **LangChain Chain for GitHub Queries:** Developed a LangChain chain to efficiently handle numerous queries on GitHub while enforcing token limits.
* **Hacktoberfest:** Actively participated in Hacktoberfest events hosted by Digital Ocean, contributing to open-source projects.

**Volunteer Experience:**

* **Outreach Events - Cognizant Bangalore:** Participated in numerous outreach events, teaching underprivileged students.

**Overall:** Sumit Kumar is a driven and skilled individual with a strong foundation in computer science and a passion for Generative AI and full-stack development. His experience and skillset make him a valuable asset in the tech industry, particularly in the areas of banking and financial services. 
",neutral,11.640141725540161,who is sumit kumar,9025f589-6d64-47d5-99b1-d0c8b3f6e76d
